Years,Afghanistan,Albania,Algeria,American Samoa,Andorra,Angola,Antigua and Barbuda,Argentina,Armenia,Australia,Austria,Azerbaijan,Bahamas,Bahrain,Bangladesh,Barbados,Belarus,Belgium,Belize,Benin,Bermuda,Bhutan,Bolivia,Bosnia and Herzegovina,Botswana,Brazil,Brunei,Bulgaria,Burkina Faso,Burundi,Cambodia,Cameroon,Canada,Cape Verde,Central African Republic,Chad,Chile,China,Colombia,Comoros,Congo,Cook Islands,Costa Rica,Cote d'Ivoire,Croatia,Cuba,Cyprus,Czechia,Democratic Republic of Congo,Denmark,Djibouti,Dominica,Dominican Republic,East Timor,Ecuador,Egypt,El Salvador,England,Equatorial Guinea,Eritrea,Estonia,Eswatini,Ethiopia,Fiji,Finland,France,Gabon,Gambia,Georgia,Germany,Ghana,Greece,Greenland,Grenada,Guam,Guatemala,Guinea,Guinea-Bissau,Guyana,Haiti,Honduras,Hungary,Iceland,India,Indonesia,Iran,Iraq,Ireland,Israel,Italy,Jamaica,Japan,Jordan,Kazakhstan,Kenya,Kiribati,Kuwait,Kyrgyzstan,Laos,Latvia,Lebanon,Lesotho,Liberia,Libya,Lithuania,Luxembourg,Madagascar,Malawi,Malaysia,Maldives,Mali,Malta,Marshall Islands,Mauritania,Mauritius,Mexico,Micronesia (country),Moldova,Monaco,Mongolia,Montenegro,Morocco,Mozambique,Myanmar,Namibia,Nauru,Nepal,Netherlands,New Zealand,Nicaragua,Niger,Nigeria,Niue,North America (WB),North Korea,North Macedonia,Northern Ireland,Northern Mariana Islands,Norway,OECD Countries,Oman,Pakistan,Palau,Palestine,Panama,Papua New Guinea,Paraguay,Peru,Philippines,Poland,Portugal,Puerto Rico,Qatar,Romania,Russia,Rwanda,Saint Kitts and Nevis,Saint Lucia,Saint Vincent and the Grenadines,Samoa,San Marino,Sao Tome and Principe,Saudi Arabia,Scotland,Senegal,Serbia,Seychelles,Sierra Leone,Slovakia,Slovenia,Solomon Islands,Somalia,South Africa,South Sudan,Spain,Sri Lanka,Sudan,Suriname,Sweden,Switzerland,Syria,Taiwan,Tajikistan,Tanzania,Thailand,Togo,Tokelau,Tonga,Trinidad and Tobago,Tunisia,Turkey,Turkmenistan,Tuvalu,Uganda,Ukraine,United Arab Emirates,United Kingdom,United States,United States Virgin Islands,Uruguay,Uzbekistan,Vanuatu,Venezuela,Vietnam,Wales,Yemen,Zambia,Zimbabwe
1990,23370.623,0,0,936.91223,0,52139.41,440.65054,74962.87,0,37610.8,0,0,1713.8866,0,794158,2713.2927,0,0,1732.7883,38444.52,0,2792.1108,20749.428,0,0,1059537.8,2019.7893,0,62312.094,19113.463,107133.46,73646.875,0,2557.3452,17503.162,35496.24,0,1558422.9,308503.8,3184.529,18799,315.0725,30924.006,98397.64,0,88462.39,0,0,235841.34,0,3584.2566,1105.647,44775.008,5738.5884,51957.805,109635.59,43810.01,0,2805.5986,10807.515,0,0,173626.81,15099.202,0,0,8256.677,7065.815,0,0,125721.53,0,0,857.8091,0,62138.227,47882.91,7159.7407,6811.7495,46494.543,44624.91,0,0,16443576,2173180.8,0,0,0,0,0,17246.209,0,8107.38,0,103388.72,1366.0731,6228.3706,0,28388.162,0,9318.441,0,15009.951,0,0,0,53375.918,41572.984,167407.3,612.88824,54593.12,0,796.54065,10439.478,8927.893,399174.62,1701.2753,0,0,0,0,0,74444.055,263713.34,0,52.038383,122776.33,0,0,38282.65,44284.74,721537,63.88918,14301.954,0,0,0,1419.245,0,451087.38,9250.081,702318.44,404.97266,5548.506,21955.045,24695.027,30319.424,96616.695,392056.62,0,0,40149.13,0,0,0,22093.701,378.30188,1343.0112,1838.0671,3069.4133,0,1036.2344,41248.457,0,50386.11,0,349.56213,28351.02,0,0,3723.7666,37941.7,0,27713.963,0,120407.664,62615.652,5113.151,0,0,27195.139,260360.69,0,126791.76,798026.4,29178.236,26.963064,3957.2043,13822.526,0,0,0,140.62859,81845.01,0,0,0,14301.954,1068.3737,0,0,1929.8722,199913.06,812956.1,0,41846.3,35903.227,33316.508
1991,25794.4,0,0,978.5636,0,53994.168,464.21664,76018.64,0,38197.59,0,0,1821.5667,0,819188.7,3009.7703,0,0,1862.2297,39915.992,0,2702.663,21303.99,0,0,1150608.8,2064.8765,0,63774.945,18932.332,108625.16,76099.01,0,2608.2527,17969.273,36556.117,0,1605303.1,317605,3256.7234,19384.006,324.80206,31223.758,102023.24,0,87827.26,0,0,242108.69,0,3506.488,1282.1898,45838.77,5912.3706,59876.836,111587.414,44758.07,0,2925.098,10705.389,0,0,179812.31,19640.406,0,0,8493.907,7359.551,0,0,129055.67,0,0,899.766,0,60414.406,50016.984,7329.9834,7182.424,49607.5,54170.78,0,0,16832000,2126666.5,0,0,0,0,0,18483.092,0,8399.504,0,106472.75,1578.4304,6098.247,0,36137.047,0,9384.956,0,15936.682,0,0,0,54902.902,42898.37,173125.5,772.06165,55575.26,0,820.76526,10733.682,9249.729,426876.16,2117.5718,0,0,0,0,0,74625.78,264085.72,0,52.66263,126082.72,0,0,37332.883,45594.1,744713.2,65.21715,14432.677,0,0,0,1509.8829,0,479506.4,9472.424,719420.56,424.60913,5744.4653,22088.082,26062.674,32416.557,94625.016,408703.97,0,0,42225.984,0,0,0,22658.9,398.17322,1429.7828,1940.843,3180.1453,0,1060.7228,42975.504,0,51932.05,0,358.1369,27626.111,0,0,3898.266,38346.773,0,28292.14,0,118598.61,64905.562,5226.494,0,0,27983.836,267591.9,0,130803.2,793458.1,29953.041,27.264372,3635.1821,14392.797,0,0,0,144.37387,84255.57,0,0,0,14432.677,1123.5553,0,0,1968.6671,224462.86,839878,0,43177.043,36556.277,34416.973
1992,29766.113,0,0,1024.9248,0,56005.066,491.16205,77030.14,0,38709.125,0,0,1937.0552,0,843880.5,3273.0986,0,0,1993.6492,41396.273,0,2661.5994,21933.578,0,0,1252536.6,2113.314,0,65277.547,18758.621,110218.19,78705.78,0,2666.3362,18512.646,37638.336,0,1660884.4,325553.75,3330.0068,19988.72,336.1913,31614.371,105736.93,0,87308.805,0,0,248907.31,0,3514.106,1413.7859,47057.51,6090.175,67898.19,113706.63,45608.375,0,3058.6208,11289.813,0,0,185659.47,23906.008,0,0,8742.889,7650.8755,0,0,132390.75,0,0,949.25726,0,59507.13,51693.156,7501.5767,7519.3184,53123.855,63617.348,0,0,17233150,2083953.8,0,0,0,0,0,19750.594,0,8677.815,0,109413.45,1816.946,5967.219,0,43278.875,0,9467.276,0,16244.537,0,0,0,56552.1,43789.086,179582.95,975.2335,56562.523,0,845.91364,11028.22,9585.757,451073.2,2507.282,0,0,0,0,0,76291.414,265329.38,0,53.470875,129697.65,0,0,36384.098,46970.7,768569.9,67.0609,14518.834,0,0,0,1560.158,0,504301.12,9753.288,737391.9,447.68048,5956.0796,22208.115,27745.691,34849.258,93573.734,426296.4,0,0,44497.414,0,0,0,20678.215,420.17563,1520.3597,2056.4812,3259.5532,0,1083.5851,44624.883,0,53484.72,0,367.5177,27710.156,0,0,4088.0762,40024.086,0,28908.588,0,117778.28,67137.86,5382.2695,0,0,28792.842,275784.3,0,135027.61,786118.1,30745.871,27.810133,3349.7095,14935.135,0,0,0,149.22008,86966.58,0,0,0,14518.834,1181.145,0,0,2026.8976,244646.88,865346.8,0,44550.227,37251.707,35420.5
1993,32711.336,0,0,1075.0286,0,58137.344,520.899,77990.47,0,39166.684,0,0,2057.3306,0,868438.1,3489.2537,0,0,2123.2888,42877.21,0,2687.998,22639.502,0,0,1361894,2164.6055,0,66839.27,19577.072,111733.67,81475.69,0,2730.9685,19053.104,38753.883,0,1723528.1,332547.94,3404.4014,20605.648,348.6741,32117.824,109524.15,0,86979.78,0,0,256211.28,0,3648.7725,1502.9987,48420.96,6271.819,75704.14,115944.27,46360.777,0,3206.0417,11961.9,0,0,192420.53,27629.752,0,0,9001.055,7935.7817,0,0,135746,0,0,1005.15564,0,59430.87,53489,7674.739,7799.294,56978.848,72584.1,0,0,17642876,2048617.5,0,0,0,0,0,21003.229,0,8936.635,0,112227.8,2078.6218,5854.055,0,49347.98,0,9569.002,0,16186.045,0,0,0,58314.055,43410.6,186602.53,1213.6503,57712,0,871.43164,11323.119,9926.414,471377.56,2847.3896,0,0,0,0,0,80921.23,267317.44,0,54.428123,133578.11,0,0,35544.945,48430.34,793130.75,69.187874,14570.144,0,0,0,1592.7444,0,525114.4,10031,756130.94,473.68524,6183.333,22325.564,29709.633,37553.21,93387.66,444637.72,0,0,46908.176,0,0,0,16923.592,443.53854,1613.1293,2181.9338,3315.5767,0,1105.0322,46161.51,0,55038.875,0,377.47787,28242.719,0,0,4291.0093,41626.87,0,29555.326,0,117759.84,69275.07,5564.9824,0,0,29584.291,284734.72,0,139431.72,776433.56,31561.615,28.494192,3118.6553,15432.935,0,0,0,154.91759,89959.59,0,0,0,14570.144,1239.6415,0,0,2102.0234,260563,889059.9,0,45971.516,37993.492,36301.508
1994,34268.223,0,0,1127.6962,0,60408.25,552.86926,78919.65,0,39585.742,0,0,2178.723,0,892181,3646.8032,0,0,2247.0952,44362.78,0,2743.3892,23410.977,0,0,1475122.1,2218.5652,0,68481.35,20181.764,113193.67,84425.14,0,2801.4639,19571.441,39913.77,0,1791630.2,338737,3479.5325,21230.355,361.5928,32754.865,113373.16,0,86886.66,0,0,263988.62,0,3775.6653,1552.1497,49911.53,6456.6646,82956.305,118263.38,47013.133,0,3366.9963,12617.321,0,0,199419.27,30547.055,0,0,9265.709,8209.585,0,0,139130.9,0,0,1066.6068,0,60201.047,55544.223,7849.375,8001.825,61110.402,80663.38,0,0,18055294,2024377.9,0,0,0,0,0,22202.645,0,9168.985,0,114943.7,2360.8699,5760.675,0,53903.336,0,9697.334,0,16494.219,0,0,0,60190.465,42584.176,193901.48,1476.3168,59244.41,0,896.8702,11614.483,10257.667,487371.38,3114.6982,0,0,0,0,0,86511.88,269903.84,0,55.47368,137676.73,0,0,34928.914,49978.42,818364.94,71.45265,14592.605,0,0,0,1644.352,0,541549.7,10225.626,775570.06,502.12842,6426.839,22458.314,31921.498,40469.44,93976.69,463538.1,0,0,49398.887,0,0,0,16359.638,467.69174,1706.6187,2314.2065,3356.1943,0,1125.1348,47587.96,0,56591.78,0,387.7928,28593.219,0,0,4504.138,43207.62,0,30223.062,0,118328.67,71286.28,5792.4834,0,0,30347.623,294066.62,0,143975.34,765379.7,32406.598,29.250673,2960.1467,15871.021,0,0,0,161.23256,93211.3,0,0,0,14592.605,1297.4379,0,0,2192.015,272395.47,910489.44,0,47446.816,38781.914,37055.16
1995,35822.72,0,0,1181.6577,0,62846.008,586.5081,79824.516,0,39991.965,0,0,2298.7603,0,914955.44,3735.1501,0,0,2361.0344,45856.93,0,2816.7498,24235.684,0,0,1588519.9,2274.9536,0,70223.086,19969.887,114865.79,87570.43,0,2876.9377,20121.48,41124.125,0,1863588.4,344354.66,3555.0178,21860.768,374.20316,33543.42,117286.63,0,87073.52,0,0,272239.8,0,3875.2617,1563.55,51502.844,6641.281,89273.76,120662.89,47576.242,0,3541.0496,13167.569,0,0,206148.48,32389.79,0,0,9533.774,8473.876,0,0,142565.73,0,0,1132.5457,0,61847.043,56977.082,8026.26,8108.088,65465.836,87372.47,0,0,18462236,2015189.9,0,0,0,0,0,23309.412,0,9368.558,0,117595.6,2661.3018,5844.392,0,56567.277,0,9848.508,0,17405.709,0,0,0,62182.09,42936.25,201471.23,1749.9933,60987.168,0,921.65826,11904.894,10571.536,498615.3,3286.2766,0,0,0,0,0,90587.21,272947.4,0,56.549564,141941.75,0,0,34648.97,51621.72,844198.8,73.70153,14601.722,0,0,0,1747.1663,0,553209,10388.885,795634.8,532.4952,6686.2837,22624.27,34344.1,43530.17,95237.67,482794.16,0,0,51895.812,0,0,0,18451.773,492.0135,1799.1361,2450.4268,3389.1758,0,1144.0034,48908.75,0,58139.332,0,398.2727,29220.814,0,0,4724.4575,44930.39,0,30902.494,0,119215.4,73183.25,6083.79,0,0,31091.22,303560.44,0,148614.58,754233.75,33291.105,30.081715,2892.9897,16239.222,0,0,0,167.942,96702.8,0,0,0,14601.722,1352.9314,0,0,2294.4307,280411.44,929083.4,0,48987.96,39613.76,37676.41
1996,37396.92,0,0,1255.6462,0,65506.934,627.6555,80673.08,0,40314.887,0,0,2444.28,0,937941.25,3801.6084,0,0,2468.6008,47303.715,0,2903.9487,25327.902,0,0,1746304.4,2335.7537,0,72070.13,20028.764,116602.875,90800.92,0,2955.895,20753.516,42291.73,0,1949507,343847.22,3635.0781,22507.992,392.00076,34476.066,121169.195,0,87504.72,0,0,281119.66,0,4032.5107,1502.2585,54776.594,6858.169,95754.81,123778.27,48036.992,0,3742.059,13634.573,0,0,212894.14,33612.53,0,0,9810.976,8724.582,0,0,145920.73,0,0,1214.2167,0,65439.38,58211.688,8196.333,8141.004,71545.445,93249.3,0,0,18899568,2016227.8,0,0,0,0,0,24600.9,0,9587.7,0,119518.64,3024.3228,6182.0547,0,57108.83,0,10099.677,0,18754.219,0,0,0,64385.32,44266.92,210005.39,2155.8955,62719.24,0,951.5012,12191.918,10884.069,500408.7,3392.9275,0,0,0,0,0,93578.805,276999.28,0,58.101276,146589.4,0,0,34475.01,53366.777,869696.1,77.19341,14431.828,0,0,0,1955.3989,0,555155.4,10722.687,817864.06,574.7456,6995.724,22746.723,38699.105,47869.08,98308.21,502699.03,0,0,55058.484,0,0,0,21550.121,521.485,1907.9592,2658.5723,3340.1091,0,1161.4823,50185.12,0,59623.293,0,409.76013,29628.525,0,0,4984.189,46753.29,0,31644.537,0,121549.05,76433.75,6545.489,0,0,31973.256,314187.4,0,153602.97,730705.6,34182.27,31.520449,2901.4736,16758.104,0,0,0,177.78189,100574.33,0,0,0,14431.828,1419.1273,0,0,2453.7812,278484.22,942151.1,0,50668.945,40601.3,38133.727
1997,38861.914,0,0,1357.9719,0,68455.945,678.1847,81456.47,0,40524.137,0,0,2626.2192,0,962285.1,3891.9092,0,0,2580.1392,48695.297,0,3012.3237,26852.773,0,0,1969248.4,2402.5603,0,74083.29,20603.523,118334.875,94050.87,0,3036.51,21483.057,43374.91,0,2057278.1,334729.03,3724.763,23159.09,416.75964,35524.32,124941.09,0,88096.59,0,0,291014.1,0,4257.701,1367.2595,60452.664,7121.693,103200.65,127910.87,48439.01,0,3984.8447,14131.83,0,0,220048.75,34819.35,0,0,10111.189,8960.061,0,0,149148.25,0,0,1314.8647,0,71320.086,60021.26,8357.35,8151.0864,79933.1,99086.9,0,0,19390476,2020910.2,0,0,0,0,0,26201.54,0,9862.095,0,120358.375,3466.0378,6550.3784,0,56103.035,0,10489.179,0,19788.453,0,0,0,66883.77,45907.51,219863.03,2743.883,64500.348,0,989.6946,12478.263,11211.946,491999.6,3481.1692,0,0,0,0,0,96732.195,282573.03,0,60.319973,151773.84,0,0,34199.938,55226.35,894608.4,82.253555,14021.696,0,0,0,2290.3333,0,546545.44,11288.132,843353.7,633.19604,7374.5933,22793.14,45981.55,53933.805,103676.83,523864,0,0,59101.848,0,0,0,23714.578,558.1552,2038.5582,2960.89,3181.7605,0,1177.8782,51475.633,0,61013.457,0,422.96155,29591.809,0,0,5301.5522,48937.016,0,32484.795,0,125956.2,81360.24,7220.77,0,0,33079.688,326987.38,0,159177.48,689680.3,35056.98,33.820854,2943.7896,17548.916,0,0,0,191.85297,104971.664,0,0,0,14021.696,1500.156,0,0,2686.7568,264598.84,949277.06,0,52511.49,41837.65,38447.906
1998,39659.707,0,0,1469.5155,0,71679.016,731.0749,82229.11,0,40700.473,0,0,2814.7932,0,987643.06,3989.8318,0,0,2702.3577,50103.797,0,3124.019,28718.623,0,0,2215903.8,2473.817,0,76287.4,21293.738,120194.734,97426.97,0,3117.5776,22303.53,44465.516,0,2180581.2,322229.28,3822.972,23850.717,444.1765,36680.902,128638.984,0,88803.945,0,0,302053.03,0,4490.2056,1209.1322,67167.67,7410.687,110661.32,132519,48891.68,0,4268.056,14608.693,0,0,227621.69,35905.535,0,0,10438.393,9189.549,0,0,152455,0,0,1419.5676,0,78274.69,61155.418,8517.361,8156.63,89040.56,104588.984,0,0,19904084,2030881.4,0,0,0,0,0,27821.33,0,10173.781,0,120694.836,3942.3867,6890.942,0,54383.246,0,10943.578,0,20756.75,0,0,0,69641.23,47757.5,230527.81,3379.232,66402.63,0,1031.306,12772.889,11549.119,479096.62,3550.8848,0,0,0,0,0,100287.82,289390.22,0,62.74411,157319.27,0,0,33958.867,57211.117,919994.9,87.23149,13541.219,0,0,0,2722.729,0,533338.3,11882.038,871338.7,698.2821,7797.574,22853.371,54832.848,60500.645,110186.16,546485.1,0,0,63232.258,0,0,0,24518.867,596.5592,2170.079,3282.8445,2990.299,0,1194.249,52796.098,0,62380.168,0,437.78122,30300.197,0,0,5647.5933,51430.09,0,33419.594,0,131465.75,86872.74,7974.7446,0,0,34309.1,341186.8,0,165256.58,643654.2,35943.223,36.46439,2999.3843,18434.836,0,0,0,207.35242,109817.66,0,0,0,13541.219,1580.7521,0,0,2947.7214,245572.92,953421.8,0,54450.355,43288.56,38680.15
1999,39987.02,0,0,1569.3125,0,75216.46,778.3596,83054.67,0,40929.676,0,0,2975.1423,0,1013675.8,4076.5034,0,0,2842.8062,51602.977,0,3231.206,30808.322,0,0,2441997.8,2548.5696,0,78675.16,21935.064,122207.836,101043.16,0,3198.1704,23140.55,45671.652,0,2312711.5,312039.6,3927.9368,24647.66,469.589,37939.49,132313.16,0,89529.77,0,0,314157.4,0,4730.0303,1077.4103,73465.125,7697.7837,117096.414,136997.39,49540.93,0,4588.1064,15088.277,0,0,235461.28,36754.414,0,0,10794.526,9423.256,0,0,156067.95,0,0,1511.0422,0,84935.68,61444.598,8682.906,8173.1294,97084.945,109679.35,0,0,20415126,2047839.2,0,0,0,0,0,29154.398,0,10495.653,0,121188.91,4405.432,7253.43,0,52862.76,0,11384.351,0,21849.428,0,0,0,72615.484,49716.668,241375.7,3912.6711,68512.805,0,1070.5751,13082.333,11888.404,467812.44,3602.1328,0,0,0,0,0,104146.414,297143.6,0,64.88981,163034.34,0,0,33927.594,59339.277,946949.9,90.690636,13167.657,0,0,0,3183.1008,0,521909.78,12302.644,901023.9,759.21466,8231.472,23029.705,63745.406,66196.695,116594.03,570791.8,0,0,66631.766,0,0,0,25301.46,630.6103,2280.2195,3548.0476,2839.1345,0,1211.7333,54157.086,0,63804.74,0,453.8706,31807.596,0,0,5989.512,54014.56,0,34463,0,137082.28,92211.55,8670.275,0,0,35564.49,356291.22,0,171754.61,605883.94,36877.766,38.869713,3047.9006,19235.639,0,0,0,221.33148,115022.12,0,0,0,13167.657,1645.0377,0,0,3184.835,228760.34,958203.06,0,56408.19,44914.46,38896.008
2000,40618.15,0,0,1634.7617,0,79129.56,810.6743,83984.055,0,41290.47,0,0,3072.603,0,1040056.94,4127.52,0,0,3009.6797,53278.496,0,3330.5667,32984.906,0,0,2600655,2625.7449,0,81237.41,22651.82,124440.33,105038.914,0,3277.0527,23977.145,47104.27,0,2445950,310420.97,4037.7502,25540.34,486.94968,39294.19,136061.86,0,90170.234,0,0,327316.84,0,4975.2334,1021.0155,77805.09,7973.038,121412.664,140704.8,50554.71,0,4941.1387,15742.624,0,0,243441.66,37223.406,0,0,11182.713,9671.582,0,0,160217.34,0,0,1570.0569,0,89728.875,61890.957,8866.8,8212.772,102065.09,114282.08,0,0,20895298,2073602.2,0,0,0,0,0,29882.078,0,10789.008,0,122573.85,4802.556,7588.954,0,52568.13,0,11721.088,0,22695.057,0,0,0,75765.76,51691.3,251837.16,4182.1353,70884.38,0,1101.471,13417.711,12224.05,464609.1,3634.5706,0,0,0,0,0,108247.516,305489.3,0,66.25595,168716.34,0,0,34303.766,61642.402,976886.2,91.33326,13098.825,0,0,0,3530.3247,0,518998.38,12595.769,931345.8,803.1423,8634.987,23429.078,71013.68,69523,121553.57,597008.4,0,0,68459.4,0,0,0,26267.676,653.484,2345.0662,3678.159,2799.907,0,1231.557,55566.734,0,65377.64,0,470.92258,33710.355,0,0,6290.37,56728.37,0,35603.45,0,141755.1,96327.61,9144.037,0,0,36729.293,371797.3,0,178581.02,590433.2,37892.99,40.331985,3069.8904,19780.889,0,0,0,230.51381,120474.4,0,0,0,13098.825,1676.9918,0,0,3338.9358,222500.89,967575.1,0,58295.07,46673.25,39167.695
2001,42169.875,0,0,1667.2855,0,84224.45,828.63403,85414,0,41764.914,0,0,3114.3113,0,1068615.8,4103.6772,0,0,3290.555,55330.91,0,3425.4846,37152.41,0,0,2706211.5,2741.5178,0,84254.13,23685.436,130932.64,110008.85,0,3365.6646,25088.523,48903.85,0,2601672.5,316159.12,4191.896,26941.414,496.4867,42888.773,140301.7,0,91037.33,0,0,344710.25,0,5293.767,1024.7822,80444.24,8332.25,123312.65,143412.97,53065.992,0,5401.743,16816.031,0,0,253601.94,35444.04,0,0,11742.732,9965.676,0,0,165558.61,0,0,1596.573,0,92378.04,63242.605,9093.452,8315.992,103286.234,116890.79,0,0,21378392,2126284.8,0,0,0,0,0,29302.418,0,11086.962,0,124688.72,5175.408,7875.9,0,53428.332,0,11944.179,0,23213.998,0,0,0,79698.64,53980.793,264073.97,4183.4136,73860.38,0,1136.9246,13821.523,12631.973,468240.9,3652.6807,0,0,0,0,0,113317.82,319092,0,67.171165,174663.61,0,0,35403.47,64376.723,1013293.44,89.34649,13423.202,0,0,0,3628.5364,0,523429.03,12946.95,963409.3,828.99347,8991.458,24580.83,77356.74,68347.99,124996.01,632993.25,0,0,68926.38,0,0,0,27552.611,665.80835,2364.4844,3708.899,2876.4429,0,1256.8545,57183.33,0,67374.26,0,490.84387,35920.93,0,0,6555.008,60039.035,0,37131.086,0,145405.86,99087.79,9449.784,0,0,37797.242,390546.94,0,187514.89,593445.7,39181.605,40.575966,3021.238,20156.713,0,0,0,235.37616,127323.99,0,0,0,13423.202,1680.9838,0,0,3368.7107,224811.08,988238.1,0,60205.45,48940.73,39843.48
2002,44486.707,0,0,1682.8384,0,91116.25,840.36,87472.055,0,42275.367,0,0,3137.6008,0,1100882.4,4012.8257,0,0,3734.2388,57799.105,0,3523.3953,44547.215,0,0,2804576.8,2914.3054,0,87884.5,25210.27,143490.12,116162.6,0,3470.0986,26586.332,51050.367,0,2795961.2,323411.06,4405.1655,29135.758,503.8213,49742.953,145179.28,0,92272.43,0,0,368610.38,0,5708.7866,1039.9197,82801.79,8815.276,123619.28,145559.19,57282.94,0,6030.5645,18232.781,0,0,266685.6,30705.143,0,0,12572.367,10315.742,0,0,172230.44,0,0,1605.9265,0,94085.3,65398.07,9365.478,8497.426,102141.26,117147.91,0,0,21904500,2209695.5,0,0,0,0,0,27432.807,0,11450.487,0,126910.13,5575.048,8147.2163,0,54594.32,0,12137.597,0,23503.367,0,0,0,84651.79,56741.09,279342.03,4070.3584,77586.5,0,1185.7778,14306.527,13146.674,472790.34,3658.816,0,0,0,0,0,119634.016,339573.38,0,68.24683,181112.48,0,0,37247.54,67684.47,1057041.8,85.987495,14012.144,0,0,0,3525.0066,0,529077.9,13379.218,998765,845,9325.003,26624.115,84357.64,63122.8,127997.93,683425.44,0,0,68993.164,0,0,0,29217.1,674.3769,2361.036,3728.5535,3008.5974,0,1288.6932,59192.258,0,69858.44,0,515.39307,38241.523,0,0,6814.3037,64061.902,0,39155.96,0,148859.84,101331.35,9753.834,0,0,39060.77,414049.44,0,199284.45,600172.94,40814.594,39.52572,2899.4268,20529.236,0,0,0,238.62167,136052.38,0,0,0,14012.144,1675.5828,0,0,3306.2307,227826.48,1019133.56,0,62265.223,51887.07,41121.164
2003,46217.227,0,0,1682.1959,0,99469.09,848.3018,89804.914,0,42821.168,0,0,3152.8906,0,1135843.5,3900.2935,0,0,4285.7915,60529.215,0,3619.9028,53947.598,0,0,2894226,3112.8281,0,91880.8,27016.88,158588.38,123017.336,0,3580.6235,28380.99,53424.54,0,3011786.5,332033.97,4636.8823,31921.686,508.6597,58031.605,150362.72,0,93527.85,0,0,397591.38,0,6126.923,1064.2595,85028.41,9346.072,122895.74,147472.28,61959.496,0,6797.208,19520.215,0,0,280722.75,24650.117,0,0,13608.453,10701.016,0,0,179687.17,0,0,1604.445,0,95347.41,67586.586,9663.196,8727.601,99661.945,116424.27,0,0,22458682,2303437,0,0,0,0,0,25069.752,0,11889.646,0,129342.54,5957.938,8501.652,0,55995.09,0,12333.699,0,24151.74,0,0,0,89978.62,59649.113,295548.1,3911.3994,81771.984,0,1235.1703,14840.24,13699.97,478287.06,3651.5305,0,0,0,0,0,126393.12,361986.06,0,69.41768,187785.44,0,0,39548.895,71353.96,1105237.4,81.8594,14723.882,0,0,0,3348.0134,0,535832.1,13665.078,1036869.06,850.3895,9656.659,29044.33,91216.54,56257.06,130839.875,743377.3,0,0,68852.9,0,0,0,31000.617,681.0701,2344.7192,3735.7202,3172.5508,0,1324.7518,61622.61,0,72593.47,0,543.98627,40485.89,0,0,7067.086,68297.66,0,41371.34,0,152415.94,103628.36,10024.688,0,0,40578.387,439074.9,0,212082.67,609035.7,42627,37.44817,2747.5503,20841.8,0,0,0,240.34274,145420.84,0,0,0,14723.882,1665.5414,0,0,3205.0923,231750.6,1053154.2,0,64429.31,55139.56,42849.066
2004,47880.934,0,0,1668.0195,0,108867.85,855.1744,92051.664,0,43400.05,0,0,3169.9338,0,1172526.9,3817.5286,0,0,4881.7217,63336.86,0,3711.27,64005.496,0,0,2973546.5,3303.7744,0,95962.61,28757.994,172370.44,129996.2,0,3687.5552,30364.934,55894.47,0,3230891.5,341850.4,4843.387,35077.086,511.01135,65785.32,155500.94,0,94450.57,0,0,430071.4,0,6478.084,1095.8269,87272.46,9846.082,121756.64,149514.58,65852.19,0,7663.0547,20533.652,0,0,293664.3,19135.541,0,0,14780.959,11098.9795,0,0,187317.95,0,0,1598.9862,0,96778.68,69660.64,9964.209,8980.969,96994.12,116298.56,0,0,23020416,2385378.2,0,0,0,0,0,23038.367,0,12700.331,0,132105.52,6275.9507,8967.439,0,57608.3,0,12567.515,0,25355.484,0,0,0,94953.734,62367.844,310466.03,3777.008,86080.57,0,1272.457,15382.931,14223.168,484954.72,3630.1191,0,0,0,0,0,132723.28,381231.9,0,70.63674,194388.12,0,0,42007.234,75144.445,1154607.8,77.690285,15391.65,0,0,0,3193.2607,0,543746.44,13695.857,1077192,844.92883,10006.335,31284.41,97072.16,50385.113,133859.02,807380.56,0,0,68683.59,0,0,0,32589.736,688.1094,2326.5945,3729.2332,3344.846,0,1362.6494,64507.355,0,75333.44,0,576.1257,42475.227,0,0,7313.2905,72260.84,0,43444.574,0,156242.39,106317.09,10230.626,0,0,42428.03,462918,0,223902.11,618372.75,44437.227,34.945427,2609.4385,21040.22,0,0,0,240.96553,154076.27,0,0,0,15391.65,1655.4554,0,0,3124.572,236815.77,1082584.8,0,66646.85,58270.117,44868.65
2005,49744.184,0,0,1644.74,0,118844.945,863.93646,93742.93,0,44010.41,0,0,3200.7688,0,1209879.5,3820.383,0,0,5449.6353,66011.13,0,3808.802,73265.88,0,0,3040941,3450.742,0,99814.766,30121.398,180883.38,136428.53,0,3781.2932,32358.994,58303.473,0,3433920.2,352498.7,4976.6733,38354.312,510.47858,70936.38,160207.56,0,94733.84,0,0,464227.94,0,6735.55,1132.5271,89718,10229.64,120860.09,152103.14,67794.83,0,8580.53,21299.703,0,0,303314.53,16175.7295,0,0,16016.806,11478.659,0,0,194434.08,0,0,1597.0782,0,99104.484,71641.984,10244.507,9232.082,95486.99,118572.03,0,0,23558734,2434244.5,0,0,0,0,0,22194.178,0,13920.2705,0,135326.9,6476.649,9565.657,0,59480.902,0,12897.085,0,26820.492,0,0,0,98764.445,64481.598,321743.25,3744.246,90114.6,0,1285.4824,15895.653,14645.431,493119.03,3592.9697,0,0,0,0,0,137638.33,392031.72,0,71.84484,200591.98,0,0,44306.562,78772.39,1201449.8,74.27259,15848.341,0,0,0,3065.4282,0,552977.75,13816.695,1118945.8,828.9102,10397.37,32739.797,100968.08,48380.688,137426.81,869318.06,0,0,68661.74,0,0,0,33759.484,697.9664,2318.7263,3707.9194,3502.7825,0,1399.8412,67887.23,0,77787.86,0,611.1989,44135.547,0,0,7553.865,75575.87,0,45007.99,0,160800.03,109319.664,10348.742,0,0,45132.066,482400.06,0,232519.73,626308.9,46040.703,32.675682,2529.8452,21074.62,0,0,0,240.99684,160508.12,0,0,0,15848.341,1649.8708,0,0,3131.6892,243162.98,1099465.9,0,68862.08,60792.785,47021.594
2006,51615.39,0,0,1583.0692,0,134851.95,879.65643,94971.18,0,44897.348,0,0,3250.5437,0,1256732.5,4132.722,0,0,6004.475,68685.6,0,3953.613,84934.72,0,0,3092592.8,3567.2498,0,103660.35,31022.244,184987.72,142450.86,0,3882.1663,35621.742,60742.88,0,3650053.8,384411.72,5029.502,43597.02,494.16852,74070.21,164960.97,0,94088.35,0,0,518733.72,0,6910.4595,1222.8065,93261.195,10514.017,116030.51,154749.81,69077.72,0,10031.179,21738.918,0,0,308983.75,15189.998,0,0,18177.217,11860.122,0,0,201438.19,0,0,1604.308,0,102916.7,73616.04,10532.1455,9636.184,95048.17,129410.375,0,0,24073778,2452564.2,0,0,0,0,0,22299.945,0,15195.237,0,138893.92,6459.898,10535.077,0,64390.375,0,13564.472,0,28449.371,0,0,0,100733.11,65695.57,329790.16,3835.1929,93946.875,0,1250.6476,16429.709,15024.652,504396.5,3432.3108,0,0,0,0,0,140520.05,396253.9,0,72.64332,207336.75,0,0,46826.465,82387.664,1250041.6,70.34837,16727.21,0,0,0,2883.2168,0,566021.06,14667.729,1168974.2,785.89557,10988.116,33368.465,101284.01,55752.35,142329.6,944929.4,0,0,69193.35,0,0,0,34492.938,713.22144,2327.5474,3498.984,3648.8745,0,1442.2698,73204.93,0,80086.42,0,653.2993,45605.793,0,0,7824.043,77845.32,0,45828.727,0,169875.8,112729.28,10141.669,0,0,48588.16,499269.25,0,236674.33,646153.7,47499.07,30.437191,2491.653,20707.719,0,0,0,235.57944,163990.36,0,0,0,16727.21,1655.2863,0,0,3237.9143,257246.56,1092510,0,71233.484,62431.902,50960.734
2007,54663.22,0,0,1474.132,0,159657.64,901.7845,96236.484,0,46153.04,0,0,3311.683,0,1316257.2,4795.5527,0,0,6609.1455,71572.67,0,4156.2524,101042.25,0,0,3128285.8,3687.3718,0,107847.3,31845.555,188334.69,148627.1,0,4004.7688,40783.645,63372.09,0,3900227.2,445582.16,5036.3564,51699.26,456.19965,77071.58,170265.28,0,92638.54,0,0,602436.25,0,7042.3228,1382.0005,98039.13,10788.014,105152.945,156868.44,71492.91,0,12275.612,21946.684,0,0,312136.56,14241.826,0,0,21630.777,12273.598,0,0,208993.95,0,0,1617.3645,0,107916.055,75844.5,10856.864,10245.397,94604.695,150194.56,0,0,24577736,2460538.2,0,0,0,0,0,22482.31,0,16566.686,0,142598.83,6236.315,11895.687,0,73419.77,0,14596.367,0,29986.451,0,0,0,101122.88,66219.234,337007.47,3997.3386,97908.22,0,1172.1613,17033.232,15433.32,519457.5,3116.8923,0,0,0,0,0,141803.3,399624.8,0,73.18051,215139.61,0,0,50023.44,86283.83,1304724,65.18006,18533.242,0,0,0,2614.481,0,584143.8,16280.112,1230010.1,714.8548,11829.655,33651.754,98303.96,72423.11,148657.7,1043445.94,0,0,70277.58,0,0,0,34910.527,732.87506,2345.6848,3034.8179,3805.5815,0,1494.0779,81096.484,0,82489.6,0,708.83374,47178.23,0,0,8155.6436,78982.02,0,46071.586,0,184440.38,116513.62,9519.909,0,0,51915.22,516648.75,0,237477.56,681460.3,48993.465,28.163488,2451.8162,19906.863,0,0,0,222.78394,165285.61,0,0,0,18533.242,1669.658,0,0,3398.0635,281405.8,1063497.1,0,73885.25,63421.21,57320.145
2008,58307.094,0,0,1353.3712,0,188093,925.1843,97622.72,0,47551.387,0,0,3377.0872,0,1378437.8,5585.021,0,0,7254.149,74561.68,0,4386.8677,118081.56,0,0,3151606.8,3802.9902,0,112172.16,32693.295,191115.1,154830.47,0,4130.302,46700.973,66103.56,0,4150757.8,516244.75,5012.0566,60811.383,411.37366,79723.336,175705.83,0,90703.2,0,0,696855.5,0,7140.247,1558.6499,103101.86,11062.103,92223.555,158742.17,74654.26,0,14859.42,21953.592,0,0,313774.3,13438.964,0,0,25499.611,12699.222,0,0,216701.08,0,0,1630.7551,0,113475.516,78252.99,11195.044,10885.958,94198.3,175170.69,0,0,25057498,2465179,0,0,0,0,0,22675.982,0,18135.73,0,146431.38,5928.0894,13415.477,0,83908.62,0,15708.507,0,31255.906,0,0,0,100521.766,66338.58,344003.16,4197.5566,101916.89,0,1079.8787,17660.31,15808.637,537183.3,2757.74,0,0,0,0,0,142043.94,402139.75,0,74.20651,222993.56,0,0,53683.41,90325.305,1361247.8,60.045,20837.283,0,0,0,2314.4297,0,605572,17984.902,1294484.1,637.91516,12762.663,33740.418,94000.6,92719.47,155701.75,1147143.1,0,0,71484.266,0,0,0,35098.32,753.9539,2366.1396,2472.6877,3981.9966,0,1549.3396,90099.3,0,84891.14,0,780.5181,48887.332,0,0,8544.293,79382.016,0,45949.59,0,200966.23,120367.66,8731.492,0,0,55209.258,532338.8,0,236196.9,702258.4,50474.812,26.161797,2416.8599,18930.77,0,0,0,207.65048,165113.55,0,0,0,20837.283,1685.6858,0,0,3600.0442,309152.94,1024568.9,0,76679.9,64004.438,64373.54
2009,61682.69,0,0,1254.5126,0,214078.11,944.88116,99129.41,0,48870.91,0,0,3436.2886,0,1432455.6,6266.7544,0,0,7926.672,77515.555,0,4600.949,132293.97,0,0,3166655.8,3905.4004,0,116402.91,33050.457,193489.25,160882.9,0,4238.603,52037.9,68831.37,0,4366878,575766.56,4970.7026,68853.52,373.59586,81779.23,180822.38,0,88574.49,0,0,781065.44,0,7224.36,1701.6411,107439.72,11347.051,81571,160649.44,78112.52,0,17229.965,21863.135,0,0,314969.3,12899.2295,0,0,28826.48,13114.785,0,0,224100.47,0,0,1638.9653,0,118859.95,80634.125,11520.764,11389.363,93886.484,197816.3,0,0,25500342,2473651,0,0,0,0,0,22826.84,0,19729.404,0,150380.86,5669.094,14925.23,0,93036.06,0,16638.361,0,32898.73,0,0,0,99597.305,66323.48,351309.47,4398.71,105883.31,0,1003.7681,18253.758,16088.314,556366.25,2460.9363,0,0,0,0,0,141862.05,404914.06,0,76.44793,229807.02,0,0,57591.574,94356.41,1414946,56.182285,23163.816,0,0,0,2049.8232,0,628401,19427.66,1354102.2,574.9048,13603.902,33808.84,90622.98,110519.164,162868.53,1237883.8,0,0,72390.016,0,0,0,35275.7,773.21954,2382.2092,1970.7657,4185.841,0,1601.5851,98472.86,0,87165.75,0,871.1002,50606.926,0,0,8984.924,79241.54,0,45691.074,0,215878.08,123764.49,8024.79,0,0,58088.223,544676.2,0,234183.38,701934.44,51897.746,24.779366,2392.5994,18052.564,0,0,0,195.46802,164298.75,0,0,0,23163.816,1696.7052,0,0,3828.4968,333518.12,988364.8,0,79460.33,64439.63,70343.36
2010,64715.383,0,0,1210.6987,0,230552.55,955.3486,100703.59,0,49889.684,0,0,3478.5613,0,1466625.2,6595.209,0,0,8610.616,80273.53,0,4753.8833,139664.23,0,0,3177940.5,3984.6333,0,120269.68,32996.6,195606.48,166582.9,0,4307.813,55234.332,71428.61,0,4512800.5,603013.3,4927.6,73485.04,354.7802,82983.34,185092.58,0,86556.69,0,0,831538.25,0,7312.392,1759.9045,110001.04,11661.611,77862.38,162918.33,81374.63,0,18725.484,21804.186,0,0,316761.53,12739.029,0,0,30575.086,13494.203,0,0,230666.69,0,0,1636.6406,0,123257.48,82814.664,11805.297,11587.967,92746.33,210818.92,0,0,25889394,2493469.8,0,0,0,0,0,22894.72,0,20962.965,0,154442.75,5604.0444,16112.268,0,97761.445,0,17226.58,0,34652.72,0,0,0,99103.48,66478.38,359204.8,4555.531,109457.56,0,973.88965,18756.611,16211.2705,575812.4,2327.6367,0,0,0,0,0,141945.58,409045.72,0,80.629524,234406.31,0,0,61514.812,98186.53,1460791.6,54.82737,25032.455,0,0,0,1892.7413,0,650734.56,20923.387,1399591.6,542.76117,14170.446,34062.723,90701.984,119293.94,169566.5,1296781,0,0,72572.28,0,0,0,35528.953,787.1832,2387.6274,1688.5706,4429.077,0,1643.528,104165.305,0,89170.54,0,983.5165,52218.324,0,0,9470.801,78962.375,0,45548.2,0,225594.52,126594.914,7671.7134,0,0,58779.09,551572.44,0,232979.42,702529.06,53207.49,24.48891,2386.8264,17553.283,0,0,0,191.86491,163751.75,0,0,0,25032.455,1695.5222,0,0,4065.205,347053.5,967510.44,0,82046.52,65010.215,73390.7
2011,66471.17,0,0,1246.1628,0,226614.34,943.5013,103472.7,0,50684.387,0,0,3452.1086,0,1481427.6,6547.3984,0,0,9388.72,81772.9,0,4838.4565,140649.25,0,0,3167909.2,4047.2185,0,122104.43,32852.15,195930.02,169924.34,0,4283.841,53594.15,73017.266,0,4586030.5,599372.44,4817.59,71129,377.28168,82763.7,186299.45,0,84324.945,0,0,810290.25,0,7299.4565,1677.0348,110855.086,11990.948,81625.83,164837.56,85419.02,0,18315.947,21633.434,0,0,316053.62,12965.654,0,0,29215.389,13664.242,0,0,233069.06,0,0,1610.1998,0,126818.1,83806.49,11920.639,11398.79,91647.586,212521.75,0,0,26186686,2528796,0,0,0,0,0,22815.752,0,21553.955,0,158618.56,5828.0845,16435.143,0,97420.39,0,17548.61,0,34937.355,0,0,0,98136.89,66150.09,374616.8,4587.7383,111261.555,0,1043.966,18908.213,16109.211,607609,2355.5784,0,0,0,0,0,140925.42,418134.97,0,121.36747,236619.22,0,0,66854.04,100564.375,1479199.1,59.270702,27006.822,0,0,0,1924.8307,0,685300.25,22601.094,1428888.4,569.28375,14185.366,34395.45,99323.24,116974.125,176005.02,1329679.9,0,0,71080.79,0,0,0,35437.72,785.1623,2365.921,1584.1489,4895.829,0,1655.165,104957.6,0,89739.586,0,1308.3174,53146.992,0,0,10780.6875,78735.83,0,45134.883,0,231688.5,129486.26,7594.326,0,0,54883.715,551507.25,0,229955.66,701961.06,53801.645,26.833483,2427.198,17466.04,0,0,0,207.96024,161802.88,0,0,0,27006.822,1659.3121,0,0,4595.938,346380.72,956946.25,0,84176.18,65115.746,70549.62
2012,67060.56,0,0,1342.514,0,202758.55,906.7294,107894.22,0,51485.695,0,0,3335.2385,0,1488038.6,6306.2266,0,0,10285.925,81469.8,0,4871.7026,139094.69,0,0,3122760.2,4103.714,0,121129.625,32464.318,193497.34,169805.55,0,4158.9053,46935.75,73134.484,0,4626160,583092.06,4604.832,62120.56,444.01617,80960.51,183632.97,0,81576.22,0,0,719382,0,7137.119,1474.5632,110834.336,12332.436,88817.195,165818.36,91163.81,0,16026.988,21211.623,0,0,311105.1,13509.002,0,0,24994.594,13539.642,0,0,229820.64,0,0,1559.6825,0,130198.49,83163.74,11812.02,10943.84,91365.555,207533.28,0,0,26395152,2573310.5,0,0,0,0,0,22598.27,0,21679.14,0,162879.39,6275.911,15866.426,0,94478.305,0,17586.213,0,34027.145,0,0,0,95879.92,64876.902,400346.22,4476.175,111043.06,0,1219.3179,18604.615,15835.297,657027.3,2461.5808,0,0,0,0,0,137874.9,433257.28,0,213.7495,237505.6,0,0,74171.164,100832.76,1463027.6,70.1263,29658.02,0,0,0,2132.7632,0,738171.06,23457.887,1448940.9,654.62354,13676.172,34601.7,117860.805,108296.13,183248.58,1356837.1,0,0,67739.77,0,0,0,34790.035,763.37976,2312.567,1501.9811,5660.057,0,1630.6752,101439.39,0,88327.81,0,1974.1486,53087.77,0,0,13298.49,78218.12,0,43656.055,0,238134.9,132770.39,7521.999,0,0,47554.66,546790.7,0,223155.77,694657.9,53371.043,32.152428,2520.029,17556.51,0,0,0,245.8937,157293.69,0,0,0,29658.02,1581.3287,0,0,5592.039,335598.06,944758.4,0,85779.305,64332.48,62228.152
2013,67049.484,0,0,1469.4021,0,169478.02,854.95667,112904.984,0,52282.316,0,0,3163.6367,0,1490236.9,5928.3657,0,0,11185.685,80053.99,0,4867.4307,135917.45,0,0,3053104.2,4152.647,0,118474.914,31750.354,189364.16,167510.23,0,3981.3977,38241.6,72349.625,0,4660037,558200.3,4361.0044,50140.934,536.1741,77918.336,178709.56,0,78680.29,0,0,597020.4,0,6921.2363,1218.077,110065.97,12688.67,97428.55,166471.3,98005.484,0,12833.963,20697.469,0,0,305074.9,14355.921,0,0,19586.09,13233.9795,0,0,223297.17,0,0,1499.2147,0,133280.03,81565.11,11565.53,10364.117,90866.65,197501.48,0,0,26559514,2619557.8,0,0,0,0,0,22315.611,0,21267.322,0,167189.14,6852.127,14824.232,0,90476.29,0,16835.83,0,32919.277,0,0,0,93373.79,63358.63,430535.53,4269.697,109695.586,0,1457.2162,18033.553,15506.413,712190.8,2622.0244,0,0,0,0,0,134355.53,450428.2,0,329.324,237670.6,0,0,81890.02,99756.664,1426462.9,84.72596,32413.328,0,0,0,2441.55,0,796886.44,22159.342,1463783.4,775.4748,12927.636,34755.145,143157.55,96843.57,192063.38,1381159.9,0,0,63252.324,0,0,0,33835.227,728.38605,2239.073,1431.4377,6565.051,0,1584.2604,95751.35,0,85777.66,0,2888.264,52415.78,0,0,16393.482,77623.945,0,41454.617,0,244934.6,136271.45,7434.745,0,0,40590.54,540564,0,215536.28,683414.75,52323.99,39.273327,2644.5159,17692.875,0,0,0,297.71216,152172.8,0,0,0,32413.328,1478.3403,0,0,6854.159,318354.78,933946.44,0,86981.83,63324.246,51693.05
2014,66601.97,0,0,1595.9377,0,139141.5,798.26935,117354.445,0,53062.88,0,0,2973.486,0,1491687.1,5473.416,0,0,11958.013,78317.71,0,4846.9424,132082.86,0,0,2970424.2,4191.5137,0,115444.39,31012.238,184646.45,164505.58,0,3799.455,30946.902,71334.03,0,4714146.5,529054.9,4161.39,39334.273,635.9435,74016.99,173251.94,0,76000.94,0,0,486566.78,0,6765.368,973.03375,108692.94,13061.369,105291.14,167458.2,105307.11,0,9898.791,20343.822,0,0,301218.9,15501.569,0,0,14798.895,12875.994,0,0,216139.84,0,0,1442.686,0,135936.81,79713.4,11276.159,9796.319,90058.27,184324.02,0,0,26724914,2659814.8,0,0,0,0,0,22025.176,0,20714.412,0,171510.9,7456.599,13832.717,0,87064.96,0,15604.207,0,31770.66,0,0,0,91790.77,62388.535,458860.2,4026.9534,107911.92,0,1714.3115,17393.484,15241.158,760749.06,2812.9026,0,0,0,0,0,132097.84,465504.03,0,439.58,237696.02,0,0,88342.086,98256.305,1385335.5,100.37153,34670.953,0,0,0,2777.1194,0,848482.94,20247.223,1477650,908.2041,12248.924,34945.008,171656.55,86474.11,201747.56,1406219.8,0,0,58287.953,0,0,0,33029.91,687.1711,2157.384,1362.0685,7444.081,0,1531.3665,90360.59,0,83012.82,0,3954.5688,51528.293,0,0,19386.795,77675.31,0,39326.973,0,252076.11,139722.14,7307.971,0,0,35525.44,536336.06,0,210356.9,672099.06,51116.805,47.047665,2779.6143,17736.242,0,0,0,354.93707,148625.6,0,0,0,34670.953,1366.7041,0,0,8162.477,298485.34,927581.5,0,87920.07,62857.293,42429.656
2015,66996.555,0,0,1690.2097,0,126153.73,746.96606,120016.93,0,53852.195,0,0,2802.5635,0,1496274.5,5003.9536,0,0,12461.496,77175.49,0,4822.038,128651.91,0,0,2887233,4216.231,0,113516.71,31031.271,180580.73,162489.48,0,3660.6187,27719.842,70869.21,0,4817527.5,500494.94,4087.0442,34319.9,725.87396,69669.016,169141,0,73872.914,0,0,436853.06,0,6805.125,804.5642,106868.734,13453.903,110123.28,169477.27,112420.336,0,8579.8545,20388.578,0,0,303430.84,16938.889,0,0,12588.408,12611.901,0,0,211270.4,0,0,1404.2881,0,138042.25,78389.74,11047.748,9374.744,88851.07,170037.2,0,0,26937548,2686210.5,0,0,0,0,0,21804.234,0,20825.484,0,175811.12,7985.2383,13500.287,0,86012.72,0,14920.147,0,30873.139,0,0,0,92441.78,62860.86,478301.12,3818.3162,106794.96,0,1946.5504,16912.922,15152.877,789902.06,3009.2947,0,0,0,0,0,133048.9,474114.56,0,515.7988,238109.19,0,0,91769.33,97423.08,1357250.2,114.304756,35829.26,0,0,0,3066.6729,0,879583.5,19624.988,1495145,1027.7565,11973.342,35342.67,199363.67,81280.95,212217.66,1435731.6,0,0,53526.402,0,0,0,33112.582,647.13336,2079.771,1283.5759,8117.137,0,1488.3706,88009.81,0,81030.54,0,5073.9136,50899.36,0,0,21550.154,79415.97,0,36911.137,0,259521.5,143259.55,7132.237,0,0,32592.793,537501.6,0,211280.25,665427.56,50252.02,54.340073,2904.251,17543.877,0,0,0,408.61743,149102.78,0,0,0,35829.26,1262.3027,0,0,9279.8,278923.5,928662.3,0,88737.984,63814.027,38181.832
2016,68302,0,0,1758.0972,0,127687.05,677.5578,117907.83,0,54528.81,0,0,2572.0447,0,1477193.8,4128.9287,0,0,11408.616,75911.516,0,4684.672,120505.78,0,0,2478152.5,4087.5894,0,111793.8,31996.195,173106.45,160022.16,0,3491.7058,27493.23,70553.48,0,5563782,449792.16,4098.377,34032.586,824.4291,57662.188,164336.34,0,71873.8,0,0,437170.72,0,7005.9653,675.7456,93986.97,14050.156,110838.016,172297.58,148669.14,0,8608.261,20777.662,0,0,311121.8,23412.05,0,0,12415.136,12324.285,0,0,207105.05,0,0,1397.6222,0,129860.88,77076.81,10756.457,8956.354,85462,142024.36,0,0,27314868,2616088,0,0,0,0,0,21537.172,0,21337.46,0,180159.08,8497.408,13485.767,0,91782.19,0,14671.919,0,29990.082,0,0,0,95208.74,64033.51,462888.9,3521.0164,105329.336,0,2206.892,16363.316,15869.908,767920.1,3355.4668,0,0,0,0,0,136401.6,466751.47,0,557.6916,234734.44,0,0,82899.5,96407.52,1325575.5,129.47693,32175.344,0,0,0,3367.1665,0,854624.25,20028.457,1489677.4,1153.0023,12029.218,36109.254,232486.31,79855.01,236982.5,1498983.8,0,0,46991.254,0,0,0,33985.04,584.5181,1942.7222,1152.0725,8610.759,0,1431.0608,86883.2,0,79163.32,0,6956.1323,50088.49,0,0,23021.6,82489.23,0,35080.89,0,271039.4,140075.02,6654.3423,0,0,30710.738,598931.75,0,217688.81,665621.9,49318.355,63.059776,3076.3386,15410.278,0,0,0,470.3366,152888.81,0,0,0,32175.344,1119.5571,0,0,10411.357,240306.3,983873.44,0,88127.75,66172.94,37999.71
2017,69829.19,0,0,1806.7314,0,130455.53,622.1928,114559.85,0,55088.293,0,0,2384.428,0,1457335.8,3479.6267,0,0,9908.204,75081.83,0,4525.338,113260.07,0,0,2093651.9,3917.981,0,110701.68,33366.83,168550.06,157887.08,0,3329.2783,27558.191,70535.5,0,6288350,409123.9,4127.61,34195.406,901.39465,46908.207,160504.72,0,70665.67,0,0,442194.84,0,7218.0566,584.32465,80629.38,14605.507,109922.17,175374.3,180446.86,0,8723.19,21243.32,0,0,319679.03,30792.145,0,0,12396.8955,12085.095,0,0,203634.05,0,0,1401.664,0,121797.25,76134.26,10519.776,8673.679,82701.07,120866.695,0,0,27690336,2545323.5,0,0,0,0,0,21290.744,0,22026.84,0,184615.47,8960.468,13588.3125,0,97947.61,0,14556.355,0,29329.527,0,0,0,98132.8,65381.445,442634.44,3231.8093,104392.47,0,2409.6367,15851.054,16586.717,742015.44,3659.2358,0,0,0,0,0,139999.88,450331.78,0,595.9872,231368.9,0,0,73753.17,95881.89,1300103.9,140.88301,27371.742,0,0,0,3579.2056,0,824475.44,20181.072,1483190.4,1247.261,12170.086,37065.22,261485.06,79661.78,259021.31,1576405.4,0,0,40956.883,0,0,0,34869.2,534.0063,1815.6324,1044.4476,9009.079,0,1380.3253,86603.914,0,77517.03,0,8325.005,49412.94,0,0,24084.873,85710.98,0,35212.67,0,281072.6,136170.72,6164.488,0,0,29671.607,658864.3,0,224547.98,669584.25,48505.395,70.39476,3218.0295,13443.738,0,0,0,521.3096,157182.78,0,0,0,27371.742,1002.5075,0,0,11187.666,208040.7,1039640.6,0,88069.3,68670.76,38187.93
2018,71614.625,0,0,1841.4474,0,134058.16,607.77325,113260.414,0,55371.08,0,0,2331.0134,0,1465855.8,3497.1826,0,0,9442.398,75970.984,0,4459.7217,112787.67,0,0,2083587.4,3859.628,0,111542.31,34743.965,176527.5,157691.75,0,3244.6628,27895.64,71335.41,0,6316552,403429.5,4196.2207,34706.54,932.4495,45366.094,160169.98,0,70926.82,0,0,450088.97,0,7430.254,554.8709,78363.77,14783.864,106257.88,178960.94,153794.3,0,8895.088,21673.695,0,0,328944.56,33831.426,0,0,12483.069,12042.872,0,0,202390.2,0,0,1398.7981,0,125457.984,76104.71,10507.402,8572.802,82750,122041.484,0,0,27896616,2577268.8,0,0,0,0,0,21177.035,0,23186.455,0,189587.08,9335.383,14075.966,0,97873.7,0,14645.623,0,29209.139,0,0,0,100535.98,67479.09,447677.12,3098.542,105534.305,0,2487.9072,15620.53,16357.574,754233.44,3750.4363,0,0,0,0,0,143982.14,427393.44,0,645.8104,232588.19,0,0,82953.586,97155.91,1300118.9,144.95898,25676.564,0,0,0,3633.819,0,835281.06,20333.686,1504457.4,1285.2324,12384.969,38316.82,277444.7,84940.17,242265.44,1678691.4,0,0,38356.17,0,0,0,35695.76,523.8752,1770.0753,1010.6537,9385.907,0,1366.9004,89071.78,0,76744.96,0,8250.633,49370.777,0,0,24851.188,89067.44,0,36312.855,0,284605.28,138997.62,5955.911,0,0,29845.104,651306.1,0,229908.3,680556.2,48196.098,73.89639,3264.3296,13441.443,0,0,0,546.0531,162191.94,0,0,0,25676.564,963.0256,0,0,10748.382,207993.2,1047320.6,0,90284.55,70971.99,38501.523
2019,73340.28,0,0,1877.3988,0,138154.67,601.7845,111964.48,0,55234.996,0,0,2307.5476,0,1481551.6,3608.1406,0,0,9239.839,78115.08,0,4413.268,114122.8,0,0,2132774.5,3828.569,0,113650.73,36096.46,194685.42,158270.16,0,3189.5776,28428.914,72615.01,0,6096826.5,401360.88,4297.1846,35411.344,944.8206,44782.566,161734.52,0,72273.62,0,0,459206.22,0,7655.083,539.7376,77773.59,14697.341,98602.164,182969.52,81442.26,0,9097.311,22050.48,0,0,339510.06,35659.742,0,0,12609.478,12108.485,0,0,202192.34,0,0,1394.4849,0,134198.38,76456.945,10623.576,8453.712,83454.86,126555.945,0,0,27991970,2655179.8,0,0,0,0,0,21081.39,0,24551.469,0,195264.16,9714.598,14548.047,0,94474.39,0,14673.851,0,29373.693,0,0,0,102660.25,70117.48,457683.88,3025.1208,107984.8,0,2520.117,15506.109,15581.19,778692.7,3771.0254,0,0,0,0,0,148376.62,392553.75,0,705.9411,234986.17,0,0,106559.88,99585.65,1312078.2,146.48611,24725.22,0,0,0,3633.2212,0,858652.9,20692.316,1532033.6,1305.0189,12590.287,40066.71,288036.84,95979.3,192168.81,1832711.8,0,0,37127.543,0,0,0,36571.156,521.0147,1746.317,994.10016,9819.387,0,1372.8691,92570.805,0,76394.22,0,7462.9385,49599.145,0,0,25591.092,92710.62,0,37362.043,0,285258.84,142860.38,5831.1294,0,0,30372.396,615566.5,0,234077.12,699667.75,48077.43,75.8697,3284.1992,13632.003,0,0,0,561.292,168218.56,0,0,0,24725.22,942.0573,0,0,9165.073,224946.97,1038967.7,0,92965.26,73301.2,38874.273